title,date,pv,like,comment,tag,is_paid,length,publish_hour
習慣化で人生が変わった話,2025-06-07,511,94,18,"日記, ライフスタイル",False,901,21
ノーコード開発が続かない人の特徴と対策,2025-06-03,604,117,13,"ライフスタイル, ブログ, ノーコード",False,799,17
ノーコード開発と向き合う方法,2025-06-06,254,25,1,AI,False,1155,23
【初心者向け】日記アプリの始め方を3ステップで解説,2025-06-06,570,111,17,ブログ,False,621,17
時間術の失敗談とそこから学んだこと,2025-06-09,533,95,16,"ノーコード, 日記",False,595,9
月5万円稼ぐ！AI活用のリアル体験談,2025-06-09,393,44,3,"副業, ノーコード",True,1959,13
時間術の失敗談とそこから学んだこと,2025-06-16,432,42,11,"日記, ブログ, 副業",False,825,21
ノーコード開発が続かない人の特徴と対策,2025-06-08,341,60,14,"副業, ノーコード",True,1545,10
日記アプリの失敗談とそこから学んだこと,2025-06-08,169,24,5,"ライフスタイル, ブログ",False,510,20
時間術に挑戦して気づいた5つのこと,2025-06-10,494,79,20,ブログ,True,1590,16
ブログ運営に挑戦して気づいた5つのこと,2025-06-12,538,87,18,"AI, ブログ",False,1008,10
時間術で人生が変わった話,2025-06-05,503,86,7,"日記, ブログ",False,594,8
情報発信って本当に稼げる？やってみた結果,2025-06-12,175,8,0,"ブログ, AI, ノーコード",False,851,23
月5万円稼ぐ！ブログ運営のリアル体験談,2025-06-04,542,45,8,ライフスタイル,False,843,13
月5万円稼ぐ！ブログ運営のリアル体験談,2025-06-13,211,10,1,"AI, ブログ, 副業",False,732,8
日記アプリの裏ワザ10選（保存版）,2025-06-01,385,49,10,ライフスタイル,True,1927,8
ノーコード開発の裏ワザ10選（保存版）,2025-06-04,382,74,7,"AI, 日記",True,2182,19
月5万円稼ぐ！タスク管理のリアル体験談,2025-06-07,441,64,10,"副業, AI",False,822,10
タスク管理の失敗談とそこから学んだこと,2025-06-03,308,56,14,"ライフスタイル, AI",False,1015,7
月5万円稼ぐ！時間術のリアル体験談,2025-06-02,265,21,3,"AI, ライフスタイル, ブログ",False,807,19
